{"cameraMode":{"drawMode":0,"name":"Shaded","section":"Shading Mode"},"sceneLighting":true,"audioPlay":false,"sceneViewState":{"showFog":true,"showMaterialUpdate":false,"showSkybox":true,"showFlares":true,"showImageEffects":true,"showParticleSystems":true},"in2DMode":false,"pivot":{"x":-20.0,"y":13.321052551269532,"z":-21.005704879760743},"rotation":{"x":-0.06251347810029984,"y":-0.9315666556358337,"z":0.19302141666412354,"w":-0.3017047047615051},"size":5.350973129272461,"orthographic":false}